{
  "variant": "sam",
  "epochs": 200,
  "img_size": 256,
  "batch_size": 32,
  "seed": 42,
  "val_pct": 0.1,
  "accuracy_mean": 0.9839970417567414,
  "precision_mean": 0.9851399081932979,
  "recall_mean": 0.9839970417567414,
  "f1_mean": 0.9841775476987612,
  "accuracy_std": 0.010098476148754663,
  "precision_std": 0.009079187180759743,
  "recall_std": 0.010098476148754663,
  "f1_std": 0.009915294330956096,
  "n_folds": 5,
  "note": "Means/stds computed on held-out TEST folds."
}