{
  "variant": "cbam",
  "epochs": 200,
  "img_size": 256,
  "batch_size": 32,
  "seed": 42,
  "val_pct": 0.1,
  "accuracy_mean": 0.6176626123744051,
  "precision_mean": 0.6369997423709999,
  "recall_mean": 0.6176626123744051,
  "f1_mean": 0.6055732212042766,
  "accuracy_std": 0.04450773420104492,
  "precision_std": 0.05182562180736514,
  "recall_std": 0.04450773420104492,
  "f1_std": 0.04690095284977618,
  "n_folds": 5,
  "note": "Means/stds computed on held-out TEST folds."
}