{
  "variant": "sam",
  "epochs": 200,
  "img_size": 256,
  "batch_size": 32,
  "seed": 42,
  "val_pct": 0.1,
  "accuracy_mean": 0.9184854724319378,
  "precision_mean": 0.9209095949359145,
  "recall_mean": 0.9184854724319378,
  "f1_mean": 0.918213340923276,
  "accuracy_std": 0.014377472815604359,
  "precision_std": 0.014247266559800813,
  "recall_std": 0.014377472815604359,
  "f1_std": 0.014093885741225486,
  "n_folds": 5,
  "note": "Means/stds computed on held-out TEST folds."
}