{
  "variant": "baseline",
  "epochs": 200,
  "img_size": 256,
  "batch_size": 32,
  "seed": 42,
  "val_pct": 0.1,
  "accuracy_mean": 0.6633527234267583,
  "precision_mean": 0.6857006953564311,
  "recall_mean": 0.6633527234267583,
  "f1_mean": 0.6582671767584761,
  "accuracy_std": 0.022798491433116564,
  "precision_std": 0.026846052216146478,
  "recall_std": 0.022798491433116564,
  "f1_std": 0.026531265519967207,
  "n_folds": 5,
  "note": "Means/stds computed on held-out TEST folds."
}