{
  "variant": "cbam",
  "epochs": 200,
  "img_size": 256,
  "batch_size": 32,
  "seed": 42,
  "val_pct": 0.1,
  "accuracy_mean": 0.8471427343817135,
  "precision_mean": 0.8749417631451013,
  "recall_mean": 0.8471427343817135,
  "f1_mean": 0.8452345067498438,
  "accuracy_std": 0.017591699622775472,
  "precision_std": 0.02157244688503277,
  "recall_std": 0.017591699622775472,
  "f1_std": 0.0168121121268304,
  "n_folds": 5,
  "note": "Means/stds computed on held-out TEST folds."
}