{
  "variant": "bam",
  "epochs": 200,
  "img_size": 256,
  "batch_size": 32,
  "seed": 42,
  "val_pct": 0.1,
  "accuracy_mean": 0.9855353974289335,
  "precision_mean": 0.9856071532217963,
  "recall_mean": 0.9855353974289335,
  "f1_mean": 0.9855141549406164,
  "accuracy_std": 0.005860694981463845,
  "precision_std": 0.005880146028854701,
  "recall_std": 0.005860694981463845,
  "f1_std": 0.005848641576044725,
  "n_folds": 5,
  "note": "Means/stds computed on held-out TEST folds."
}