{
  "variant": "c2psa",
  "epochs": 200,
  "img_size": 256,
  "batch_size": 32,
  "seed": 42,
  "val_pct": 0.1,
  "accuracy_mean": 0.9864992335809457,
  "precision_mean": 0.9866146032488643,
  "recall_mean": 0.9864992335809457,
  "f1_mean": 0.9865082109901971,
  "accuracy_std": 0.004393390385448047,
  "precision_std": 0.004395614775535518,
  "recall_std": 0.004393390385448047,
  "f1_std": 0.004397712504991914,
  "n_folds": 5,
  "note": "Means/stds computed on held-out TEST folds."
}