{
  "variant": "c2psa",
  "epochs": 200,
  "img_size": 256,
  "batch_size": 32,
  "seed": 42,
  "val_pct": 0.1,
  "accuracy_mean": 0.8277036607373034,
  "precision_mean": 0.8571294018058578,
  "recall_mean": 0.8277036607373034,
  "f1_mean": 0.8258332542805306,
  "accuracy_std": 0.023910849380831066,
  "precision_std": 0.03616206830574905,
  "recall_std": 0.023910849380831066,
  "f1_std": 0.02245426025389727,
  "n_folds": 5,
  "note": "Means/stds computed on held-out TEST folds."
}