{
  "variant": "cbam",
  "epochs": 200,
  "img_size": 256,
  "batch_size": 32,
  "seed": 42,
  "val_pct": 0.1,
  "accuracy_mean": 0.984393988774217,
  "precision_mean": 0.9846825709230181,
  "recall_mean": 0.984393988774217,
  "f1_mean": 0.9843800492733097,
  "accuracy_std": 0.007369826878463884,
  "precision_std": 0.007320125773551618,
  "recall_std": 0.007369826878463884,
  "f1_std": 0.007364310604900176,
  "n_folds": 5,
  "note": "Means/stds computed on held-out TEST folds."
}