{
  "variant": "cbam",
  "epochs": 200,
  "img_size": 256,
  "batch_size": 32,
  "seed": 42,
  "val_pct": 0.1,
  "accuracy_mean": 0.992,
  "precision_mean": 0.9921841572644295,
  "recall_mean": 0.992,
  "f1_mean": 0.9919844091620906,
  "accuracy_std": 0.004847679857416313,
  "precision_std": 0.0046998368684456225,
  "recall_std": 0.004847679857416313,
  "f1_std": 0.004862021899798943,
  "n_folds": 5,
  "note": "Means/stds computed on held-out TEST folds."
}