{
  "variant": "c2psa",
  "epochs": 200,
  "img_size": 256,
  "batch_size": 32,
  "seed": 42,
  "val_pct": 0.1,
  "accuracy_mean": 0.6275515600211528,
  "precision_mean": 0.6468537562965996,
  "recall_mean": 0.6275515600211528,
  "f1_mean": 0.6230415400335045,
  "accuracy_std": 0.0320875241611763,
  "precision_std": 0.02956834223420127,
  "recall_std": 0.0320875241611763,
  "f1_std": 0.03475236429894428,
  "n_folds": 5,
  "note": "Means/stds computed on held-out TEST folds."
}