{
  "variant": "c2psa",
  "epochs": 200,
  "img_size": 256,
  "batch_size": 32,
  "seed": 42,
  "val_pct": 0.1,
  "accuracy_mean": 0.9698841698841699,
  "precision_mean": 0.9711141096382058,
  "recall_mean": 0.9698841698841699,
  "f1_mean": 0.9698074546408506,
  "accuracy_std": 0.007486764258558075,
  "precision_std": 0.006562148732274144,
  "recall_std": 0.007486764258558075,
  "f1_std": 0.007564270539133396,
  "n_folds": 5,
  "note": "Means/stds computed on held-out TEST folds."
}