{
  "variant": "cbam",
  "epochs": 200,
  "img_size": 256,
  "batch_size": 32,
  "seed": 42,
  "val_pct": 0.1,
  "accuracy_mean": 0.9791505791505791,
  "precision_mean": 0.9795123048289319,
  "recall_mean": 0.9791505791505791,
  "f1_mean": 0.9791751304400448,
  "accuracy_std": 0.011608723072102641,
  "precision_std": 0.011398966693544196,
  "recall_std": 0.011608723072102641,
  "f1_std": 0.011606041244663488,
  "n_folds": 5,
  "note": "Means/stds computed on held-out TEST folds."
}